"Id","Category"
1,"1"
2,"10"
3,"4"
4,"7"
5,"6"
6,"7"
7,"10"
8,"1"
9,"1"
10,"2"
11,"4"
12,"8"
13,"6"
14,"7"
15,"2"
16,"8"
17,"5"
18,"9"
19,"8"
20,"6"
21,"8"
22,"10"
23,"5"
24,"10"
25,"10"
26,"1"
27,"9"
28,"9"
29,"5"
30,"3"
31,"8"
32,"5"
33,"8"
34,"10"
35,"5"
36,"5"
37,"9"
38,"3"
39,"9"
40,"9"
41,"1"
42,"7"
43,"2"
44,"9"
45,"8"
46,"9"
47,"4"
48,"7"
49,"8"
50,"5"
51,"10"
52,"7"
53,"3"
54,"7"
55,"8"
56,"3"
57,"8"
58,"4"
59,"6"
60,"1"
61,"1"
62,"7"
63,"6"
64,"4"
65,"6"
66,"8"
67,"6"
68,"1"
69,"5"
70,"2"
71,"10"
72,"9"
73,"4"
74,"8"
75,"7"
76,"7"
77,"7"
78,"1"
79,"3"
80,"8"
81,"1"
82,"3"
83,"3"
84,"6"
85,"9"
86,"10"
87,"4"
88,"1"
89,"5"
90,"4"
91,"8"
92,"10"
93,"7"
94,"3"
95,"10"
96,"10"
97,"7"
98,"4"
99,"1"
100,"6"
101,"6"
102,"10"
103,"10"
104,"4"
105,"4"
106,"5"
107,"10"
108,"10"
109,"10"
110,"8"
111,"3"
112,"9"
113,"2"
114,"3"
115,"1"
116,"1"
117,"3"
118,"7"
119,"4"
120,"6"
121,"4"
122,"9"
123,"4"
124,"8"
125,"1"
126,"2"
127,"5"
128,"2"
129,"8"
130,"6"
131,"8"
132,"8"
133,"4"
134,"7"
135,"5"
136,"4"
137,"9"
138,"3"
139,"2"
140,"3"
141,"1"
142,"3"
143,"5"
144,"3"
145,"9"
146,"5"
147,"8"
148,"4"
149,"6"
150,"4"
151,"7"
152,"3"
153,"4"
154,"9"
155,"3"
156,"2"
157,"3"
158,"3"
159,"8"
160,"6"
161,"8"
162,"9"
163,"9"
164,"4"
165,"1"
166,"3"
167,"6"
168,"1"
169,"6"
170,"10"
171,"10"
172,"6"
173,"8"
174,"6"
175,"8"
176,"8"
177,"9"
178,"10"
179,"1"
180,"8"
181,"3"
182,"8"
183,"1"
184,"6"
185,"3"
186,"10"
187,"6"
188,"6"
189,"3"
190,"2"
191,"3"
192,"2"
193,"6"
194,"9"
195,"2"
196,"6"
197,"5"
198,"4"
199,"8"
200,"6"
201,"5"
202,"5"
203,"6"
204,"3"
205,"6"
206,"6"
207,"8"
208,"7"
209,"2"
210,"7"
211,"4"
212,"4"
213,"5"
214,"1"
215,"4"
216,"7"
217,"7"
218,"10"
219,"5"
220,"6"
221,"7"
222,"4"
223,"4"
224,"5"
225,"8"
226,"3"
227,"8"
228,"6"
229,"2"
230,"10"
231,"8"
232,"6"
233,"9"
234,"8"
235,"1"
236,"9"
237,"1"
238,"10"
239,"5"
240,"10"
241,"2"
242,"1"
243,"9"
244,"3"
245,"1"
246,"10"
247,"7"
248,"10"
249,"7"
250,"7"
251,"1"
252,"10"
253,"4"
254,"9"
255,"5"
256,"7"
257,"3"
258,"6"
259,"9"
260,"6"
261,"5"
262,"2"
263,"9"
264,"8"
265,"6"
266,"6"
267,"1"
268,"7"
269,"7"
270,"2"
271,"2"
272,"9"
273,"10"
274,"7"
275,"9"
276,"3"
277,"1"
278,"9"
279,"9"
280,"4"
281,"2"
282,"8"
283,"2"
284,"6"
285,"2"
286,"8"
287,"2"
288,"10"
289,"6"
290,"7"
291,"9"
292,"4"
293,"9"
294,"8"
295,"1"
296,"7"
297,"6"
298,"4"
299,"7"
300,"10"
301,"6"
302,"4"
303,"3"
304,"5"
305,"1"
306,"10"
307,"2"
308,"7"
309,"5"
310,"9"
311,"1"
312,"6"
313,"10"
314,"8"
315,"7"
316,"7"
317,"7"
318,"6"
319,"1"
320,"3"
321,"10"
322,"8"
323,"2"
324,"3"
325,"4"
326,"6"
327,"8"
328,"10"
329,"7"
330,"5"
331,"4"
332,"2"
333,"9"
334,"5"
335,"9"
336,"5"
337,"5"
338,"8"
339,"5"
340,"1"
341,"3"
342,"1"
343,"2"
344,"1"
345,"6"
346,"6"
347,"2"
348,"6"
349,"3"
350,"3"
351,"3"
352,"4"
353,"5"
354,"4"
355,"4"
356,"6"
357,"9"
358,"8"
359,"6"
360,"8"
361,"10"
362,"8"
363,"5"
364,"9"
365,"1"
366,"9"
367,"5"
368,"5"
369,"4"
370,"8"
371,"7"
372,"5"
373,"5"
374,"7"
375,"5"
376,"9"
377,"1"
378,"2"
379,"10"
380,"7"
381,"1"
382,"5"
383,"4"
384,"4"
385,"7"
386,"2"
387,"5"
388,"5"
389,"6"
390,"6"
391,"2"
392,"3"
393,"7"
394,"1"
395,"9"
396,"8"
397,"1"
398,"4"
399,"4"
400,"7"
401,"10"
402,"5"
403,"4"
404,"1"
405,"7"
406,"7"
407,"4"
408,"3"
409,"7"
410,"3"
411,"5"
412,"5"
413,"6"
414,"5"
415,"7"
416,"7"
417,"6"
418,"3"
419,"10"
420,"8"
421,"9"
422,"4"
423,"10"
424,"5"
425,"6"
426,"8"
427,"8"
428,"4"
429,"7"
430,"7"
431,"2"
432,"1"
433,"8"
434,"4"
435,"7"
436,"10"
437,"10"
438,"5"
439,"8"
440,"2"
441,"6"
442,"9"
443,"3"
444,"3"
445,"9"
446,"2"
447,"8"
448,"4"
449,"6"
450,"5"
451,"9"
452,"3"
453,"2"
454,"6"
455,"9"
456,"2"
457,"7"
458,"2"
459,"10"
460,"4"
461,"4"
462,"6"
463,"10"
464,"4"
465,"8"
466,"4"
467,"9"
468,"1"
469,"1"
470,"5"
471,"10"
472,"6"
473,"4"
474,"10"
475,"6"
476,"9"
477,"9"
478,"6"
479,"2"
480,"10"
481,"6"
482,"3"
483,"7"
484,"9"
485,"5"
486,"7"
487,"7"
488,"6"
489,"8"
490,"10"
491,"9"
492,"4"
493,"7"
494,"7"
495,"3"
496,"8"
497,"4"
498,"4"
499,"6"
500,"4"
501,"2"
502,"9"
503,"8"
504,"3"
505,"2"
506,"8"
507,"7"
508,"3"
509,"6"
510,"1"
511,"4"
512,"10"
513,"10"
514,"8"
515,"10"
516,"4"
517,"4"
518,"8"
519,"5"
520,"10"
521,"6"
522,"10"
523,"9"
524,"5"
525,"8"
526,"8"
527,"9"
528,"5"
529,"10"
530,"10"
531,"3"
532,"9"
533,"2"
534,"10"
535,"9"
536,"5"
537,"3"
538,"2"
539,"6"
540,"9"
541,"5"
542,"1"
543,"9"
544,"1"
545,"9"
546,"9"
547,"8"
548,"8"
549,"7"
550,"8"
551,"7"
552,"5"
553,"7"
554,"9"
555,"5"
556,"8"
557,"10"
558,"9"
559,"10"
560,"2"
561,"5"
562,"8"
563,"5"
564,"5"
565,"1"
566,"10"
567,"6"
568,"7"
569,"4"
570,"6"
571,"7"
572,"6"
573,"5"
574,"3"
575,"5"
576,"4"
577,"10"
578,"3"
579,"9"
580,"9"
581,"8"
582,"3"
583,"10"
584,"9"
585,"1"
586,"5"
587,"3"
588,"3"
589,"7"
590,"2"
591,"7"
592,"9"
593,"4"
594,"7"
595,"8"
596,"9"
597,"4"
598,"9"
599,"2"
600,"8"
601,"1"
602,"5"
603,"6"
604,"8"
605,"3"
606,"6"
607,"5"
608,"4"
609,"6"
610,"8"
611,"1"
612,"9"
613,"8"
614,"7"
615,"10"
616,"3"
617,"8"
618,"9"
619,"2"
620,"10"
621,"5"
622,"8"
623,"5"
624,"5"
625,"8"
626,"1"
627,"9"
628,"5"
629,"4"
630,"4"
631,"4"
632,"4"
633,"9"
634,"2"
635,"2"
636,"6"
637,"8"
638,"5"
639,"8"
640,"5"
641,"4"
642,"6"
643,"8"
644,"3"
645,"3"
646,"5"
647,"5"
648,"4"
649,"7"
650,"4"
651,"2"
652,"7"
653,"6"
654,"8"
655,"4"
656,"3"
657,"6"
658,"9"
659,"5"
660,"9"
661,"2"
662,"5"
663,"7"
664,"10"
665,"5"
666,"7"
667,"6"
668,"6"
669,"5"
670,"2"
671,"9"
672,"5"
673,"10"
674,"4"
675,"7"
676,"3"
677,"3"
678,"10"
679,"7"
680,"10"
681,"3"
682,"7"
683,"8"
684,"6"
685,"3"
686,"7"
687,"7"
688,"7"
689,"7"
690,"6"
691,"4"
692,"8"
693,"4"
694,"5"
695,"3"
696,"7"
697,"8"
698,"4"
699,"8"
700,"2"
701,"10"
702,"6"
703,"5"
704,"10"
705,"8"
706,"8"
707,"9"
708,"9"
709,"3"
710,"2"
711,"7"
712,"1"
713,"3"
714,"10"
715,"10"
716,"4"
717,"7"
718,"9"
719,"2"
720,"9"
721,"10"
722,"8"
723,"1"
724,"5"
725,"3"
726,"2"
727,"3"
728,"3"
729,"5"
730,"5"
731,"7"
732,"4"
733,"8"
734,"10"
735,"10"
736,"9"
737,"4"
738,"9"
739,"8"
740,"4"
741,"8"
742,"6"
743,"5"
744,"5"
745,"1"
746,"1"
747,"6"
748,"5"
749,"4"
750,"10"
751,"2"
752,"3"
753,"10"
754,"4"
755,"1"
756,"10"
757,"9"
758,"3"
759,"3"
760,"7"
761,"2"
762,"10"
763,"10"
764,"9"
765,"7"
766,"5"
767,"8"
768,"10"
769,"8"
770,"6"
771,"9"
772,"4"
773,"4"
774,"8"
775,"1"
776,"8"
777,"2"
778,"10"
779,"4"
780,"1"
781,"10"
782,"8"
783,"3"
784,"8"
785,"8"
786,"4"
787,"6"
788,"7"
789,"4"
790,"2"
791,"10"
792,"3"
793,"1"
794,"3"
795,"1"
796,"4"
797,"6"
798,"4"
799,"4"
800,"1"
801,"10"
802,"7"
803,"2"
804,"7"
805,"6"
806,"10"
807,"2"
808,"3"
809,"7"
810,"6"
811,"5"
812,"10"
813,"2"
814,"9"
815,"6"
816,"10"
817,"3"
818,"8"
819,"3"
820,"10"
821,"5"
822,"7"
823,"7"
824,"6"
825,"1"
826,"4"
827,"8"
828,"7"
829,"7"
830,"8"
831,"9"
832,"4"
833,"1"
834,"5"
835,"10"
836,"1"
837,"10"
838,"8"
839,"5"
840,"2"
841,"2"
842,"9"
843,"4"
844,"10"
845,"10"
846,"7"
847,"9"
848,"2"
849,"8"
850,"7"
851,"10"
852,"6"
853,"7"
854,"3"
855,"4"
856,"9"
857,"3"
858,"6"
859,"7"
860,"8"
861,"3"
862,"5"
863,"7"
864,"2"
865,"1"
866,"5"
867,"9"
868,"6"
869,"8"
870,"1"
871,"10"
872,"7"
873,"1"
874,"8"
875,"9"
876,"9"
877,"5"
878,"6"
879,"3"
880,"1"
881,"3"
882,"7"
883,"6"
884,"8"
885,"8"
886,"4"
887,"9"
888,"6"
889,"3"
890,"8"
891,"4"
892,"1"
893,"5"
894,"10"
895,"5"
896,"8"
897,"2"
898,"4"
899,"1"
900,"3"
901,"6"
902,"10"
903,"3"
904,"5"
905,"10"
906,"9"
907,"4"
908,"9"
909,"6"
910,"10"
911,"10"
912,"2"
913,"6"
914,"2"
915,"5"
916,"5"
917,"9"
918,"1"
919,"1"
920,"3"
921,"9"
922,"7"
923,"2"
924,"9"
925,"1"
926,"7"
927,"3"
928,"5"
929,"3"
930,"4"
931,"4"
932,"3"
933,"3"
934,"6"
935,"6"
936,"8"
937,"2"
938,"3"
939,"5"
940,"2"
941,"5"
942,"6"
943,"2"
944,"7"
945,"10"
946,"7"
947,"9"
948,"3"
949,"5"
950,"4"
951,"6"
952,"3"
953,"7"
954,"2"
955,"8"
956,"5"
957,"5"
958,"4"
959,"6"
960,"3"
961,"6"
962,"10"
963,"5"
964,"8"
965,"4"
966,"10"
967,"1"
968,"3"
969,"4"
970,"3"
971,"2"
972,"7"
973,"1"
974,"6"
975,"9"
976,"4"
977,"1"
978,"4"
979,"7"
980,"3"
981,"9"
982,"8"
983,"10"
984,"10"
985,"10"
986,"9"
987,"10"
988,"2"
989,"6"
990,"4"
991,"6"
992,"5"
993,"2"
994,"5"
995,"6"
996,"1"
997,"2"
998,"10"
999,"6"
1000,"3"
1001,"6"
1002,"8"
1003,"4"
1004,"7"
1005,"10"
1006,"2"
1007,"10"
1008,"9"
1009,"2"
1010,"5"
1011,"2"
1012,"9"
1013,"1"
1014,"6"
1015,"4"
1016,"8"
1017,"1"
1018,"10"
1019,"6"
1020,"5"
1021,"1"
1022,"6"
1023,"6"
1024,"10"
1025,"2"
1026,"8"
1027,"4"
1028,"5"
1029,"8"
1030,"7"
1031,"8"
1032,"3"
1033,"3"
1034,"8"
1035,"1"
1036,"10"
1037,"10"
1038,"3"
1039,"8"
1040,"1"
1041,"3"
1042,"4"
1043,"8"
1044,"4"
1045,"9"
1046,"1"
1047,"9"
1048,"4"
1049,"7"
1050,"5"
1051,"6"
1052,"8"
1053,"8"
1054,"10"
1055,"8"
1056,"9"
1057,"9"
1058,"10"
1059,"9"
1060,"4"
1061,"1"
1062,"7"
1063,"9"
1064,"8"
1065,"6"
1066,"7"
1067,"5"
1068,"4"
1069,"3"
1070,"4"
1071,"10"
1072,"1"
1073,"4"
1074,"8"
1075,"9"
1076,"4"
1077,"10"
1078,"6"
1079,"8"
1080,"9"
1081,"5"
1082,"6"
1083,"6"
1084,"8"
1085,"6"
1086,"1"
1087,"9"
1088,"9"
1089,"8"
1090,"10"
1091,"3"
1092,"4"
1093,"5"
1094,"5"
1095,"6"
1096,"3"
1097,"1"
1098,"6"
1099,"5"
1100,"6"
1101,"4"
1102,"2"
1103,"5"
1104,"5"
1105,"7"
1106,"5"
1107,"1"
1108,"5"
1109,"5"
1110,"8"
1111,"10"
1112,"9"
1113,"10"
1114,"1"
1115,"7"
1116,"8"
1117,"9"
1118,"9"
1119,"2"
1120,"9"
1121,"10"
1122,"3"
1123,"7"
1124,"2"
1125,"6"
1126,"4"
1127,"3"
1128,"10"
1129,"9"
1130,"4"
1131,"5"
1132,"8"
1133,"7"
1134,"8"
1135,"10"
1136,"8"
1137,"8"
1138,"9"
1139,"6"
1140,"3"
1141,"2"
1142,"3"
1143,"10"
1144,"3"
1145,"10"
1146,"9"
1147,"8"
1148,"6"
1149,"1"
1150,"4"
1151,"7"
1152,"1"
1153,"4"
1154,"7"
1155,"10"
1156,"5"
1157,"5"
1158,"6"
1159,"4"
1160,"7"
1161,"4"
1162,"6"
1163,"2"
1164,"8"
1165,"3"
1166,"7"
1167,"2"
1168,"6"
1169,"7"
1170,"10"
1171,"7"
1172,"9"
1173,"2"
1174,"10"
1175,"9"
1176,"2"
1177,"2"
1178,"8"
1179,"6"
1180,"8"
1181,"1"
1182,"7"
1183,"4"
1184,"5"
1185,"10"
1186,"9"
1187,"10"
1188,"2"
1189,"7"
1190,"5"
1191,"2"
1192,"5"
1193,"2"
1194,"10"
1195,"3"
1196,"9"
1197,"6"
1198,"10"
1199,"10"
1200,"6"
1201,"4"
1202,"5"
1203,"7"
1204,"4"
1205,"2"
1206,"1"
1207,"10"
1208,"5"
1209,"3"
1210,"7"
1211,"7"
1212,"9"
1213,"5"
1214,"8"
1215,"7"
1216,"6"
1217,"9"
1218,"5"
1219,"7"
1220,"10"
1221,"6"
1222,"3"
1223,"1"
1224,"8"
1225,"6"
1226,"7"
1227,"6"
1228,"8"
1229,"8"
1230,"6"
1231,"9"
1232,"6"
1233,"9"
1234,"3"
1235,"10"
1236,"7"
1237,"6"
1238,"1"
1239,"2"
1240,"5"
1241,"6"
1242,"7"
1243,"3"
1244,"8"
1245,"10"
1246,"5"
1247,"5"
1248,"5"
1249,"10"
1250,"5"
1251,"3"
1252,"4"
1253,"7"
1254,"5"
1255,"6"
1256,"5"
1257,"4"
1258,"1"
1259,"9"
1260,"1"
1261,"3"
1262,"7"
1263,"5"
1264,"2"
1265,"3"
1266,"8"
1267,"7"
1268,"2"
1269,"8"
1270,"5"
1271,"4"
1272,"6"
1273,"6"
1274,"7"
1275,"1"
1276,"6"
1277,"8"
1278,"10"
1279,"5"
1280,"7"
1281,"1"
1282,"7"
1283,"9"
1284,"9"
1285,"9"
1286,"6"
1287,"2"
1288,"7"
1289,"8"
1290,"9"
1291,"4"
1292,"4"
1293,"4"
1294,"9"
1295,"3"
1296,"3"
1297,"1"
1298,"5"
1299,"8"
1300,"10"
1301,"10"
1302,"7"
1303,"7"
1304,"6"
1305,"5"
1306,"9"
1307,"3"
1308,"5"
1309,"10"
1310,"6"
1311,"5"
1312,"6"
1313,"10"
1314,"1"
1315,"9"
1316,"7"
1317,"7"
1318,"10"
1319,"10"
1320,"6"
1321,"7"
1322,"6"
1323,"8"
1324,"2"
1325,"10"
1326,"9"
1327,"3"
1328,"6"
1329,"9"
1330,"3"
1331,"2"
1332,"6"
1333,"1"
1334,"8"
1335,"5"
1336,"5"
1337,"9"
1338,"7"
1339,"10"
1340,"1"
1341,"3"
1342,"2"
1343,"3"
1344,"6"
1345,"8"
1346,"7"
1347,"2"
1348,"2"
1349,"5"
1350,"3"
1351,"6"
1352,"9"
1353,"3"
1354,"2"
1355,"8"
1356,"1"
1357,"8"
1358,"5"
1359,"6"
1360,"3"
1361,"5"
1362,"7"
1363,"7"
1364,"2"
1365,"6"
1366,"9"
1367,"5"
1368,"2"
1369,"5"
1370,"8"
1371,"8"
1372,"9"
1373,"4"
1374,"8"
1375,"1"
1376,"1"
1377,"6"
1378,"10"
1379,"7"
1380,"7"
1381,"10"
1382,"1"
1383,"6"
1384,"3"
1385,"10"
1386,"6"
1387,"1"
1388,"2"
1389,"2"
1390,"9"
1391,"1"
1392,"7"
1393,"7"
1394,"1"
1395,"9"
1396,"3"
1397,"6"
1398,"8"
1399,"8"
1400,"1"
1401,"10"
1402,"1"
1403,"4"
1404,"5"
1405,"10"
1406,"10"
1407,"2"
1408,"2"
1409,"5"
1410,"8"
1411,"3"
1412,"6"
1413,"4"
1414,"6"
1415,"8"
1416,"8"
1417,"7"
1418,"7"
1419,"2"
1420,"6"
1421,"7"
1422,"2"
1423,"9"
1424,"7"
1425,"8"
1426,"9"
1427,"10"
1428,"8"
1429,"9"
1430,"8"
1431,"7"
1432,"4"
1433,"4"
1434,"10"
1435,"7"
1436,"9"
1437,"1"
1438,"10"
1439,"9"
1440,"3"
1441,"8"
1442,"5"
1443,"4"
1444,"4"
1445,"8"
1446,"9"
1447,"7"
1448,"9"
1449,"8"
1450,"8"
1451,"1"
1452,"5"
1453,"4"
1454,"8"
1455,"3"
1456,"2"
1457,"8"
1458,"5"
1459,"5"
1460,"5"
1461,"7"
1462,"2"
1463,"3"
1464,"8"
1465,"1"
1466,"1"
1467,"8"
1468,"6"
1469,"7"
1470,"4"
1471,"2"
1472,"9"
1473,"3"
1474,"7"
1475,"5"
1476,"6"
1477,"9"
1478,"8"
1479,"3"
1480,"10"
1481,"6"
1482,"3"
1483,"9"
1484,"4"
1485,"4"
1486,"5"
1487,"9"
1488,"4"
1489,"6"
1490,"1"
1491,"5"
1492,"3"
1493,"8"
1494,"6"
1495,"10"
1496,"8"
1497,"2"
1498,"8"
1499,"5"
1500,"7"
1501,"1"
1502,"5"
1503,"1"
1504,"1"
1505,"1"
1506,"5"
1507,"1"
1508,"7"
1509,"6"
1510,"5"
1511,"3"
1512,"9"
1513,"7"
1514,"2"
1515,"7"
1516,"7"
1517,"7"
1518,"10"
1519,"7"
1520,"3"
1521,"2"
1522,"4"
1523,"3"
1524,"8"
1525,"1"
1526,"6"
1527,"9"
1528,"2"
1529,"3"
1530,"10"
1531,"1"
1532,"9"
1533,"3"
1534,"10"
1535,"5"
1536,"1"
1537,"9"
1538,"3"
1539,"6"
1540,"5"
1541,"10"
1542,"10"
1543,"10"
1544,"10"
1545,"4"
1546,"7"
1547,"8"
1548,"1"
1549,"1"
1550,"4"
1551,"1"
1552,"1"
1553,"1"
1554,"6"
1555,"9"
1556,"8"
1557,"9"
1558,"7"
1559,"9"
1560,"4"
1561,"9"
1562,"8"
1563,"5"
1564,"5"
1565,"5"
1566,"5"
1567,"4"
1568,"3"
1569,"7"
1570,"9"
1571,"7"
1572,"5"
1573,"4"
1574,"2"
1575,"5"
1576,"3"
1577,"2"
1578,"7"
1579,"6"
1580,"7"
1581,"1"
1582,"4"
1583,"5"
1584,"5"
1585,"10"
1586,"3"
1587,"5"
1588,"6"
1589,"8"
1590,"5"
1591,"5"
1592,"9"
1593,"8"
1594,"7"
1595,"8"
1596,"9"
1597,"4"
1598,"6"
1599,"2"
1600,"9"
1601,"4"
1602,"1"
1603,"2"
1604,"10"
1605,"6"
1606,"9"
1607,"2"
1608,"9"
1609,"6"
1610,"5"
1611,"3"
1612,"2"
1613,"10"
1614,"4"
1615,"2"
1616,"10"
1617,"3"
1618,"1"
1619,"9"
1620,"3"
1621,"4"
1622,"9"
1623,"1"
1624,"7"
1625,"3"
1626,"5"
1627,"4"
1628,"7"
1629,"3"
1630,"1"
1631,"6"
1632,"4"
1633,"8"
1634,"6"
1635,"10"
1636,"9"
1637,"6"
1638,"3"
1639,"7"
1640,"5"
1641,"8"
1642,"5"
1643,"3"
1644,"1"
1645,"8"
1646,"6"
1647,"10"
1648,"10"
1649,"5"
1650,"5"
1651,"2"
1652,"2"
1653,"5"
1654,"10"
1655,"2"
1656,"5"
1657,"9"
1658,"4"
1659,"6"
1660,"8"
1661,"10"
1662,"9"
1663,"10"
1664,"8"
1665,"5"
1666,"2"
1667,"8"
1668,"6"
1669,"2"
1670,"1"
1671,"3"
1672,"7"
1673,"2"
1674,"2"
1675,"2"
1676,"1"
1677,"6"
1678,"5"
1679,"6"
1680,"2"
1681,"1"
1682,"5"
1683,"2"
1684,"10"
1685,"6"
1686,"6"
1687,"6"
1688,"9"
1689,"2"
1690,"3"
1691,"5"
1692,"5"
1693,"6"
1694,"5"
1695,"6"
1696,"6"
1697,"3"
1698,"6"
1699,"9"
1700,"5"
1701,"6"
1702,"4"
1703,"8"
1704,"3"
1705,"9"
1706,"9"
1707,"1"
1708,"5"
1709,"9"
1710,"9"
1711,"7"
1712,"5"
1713,"4"
1714,"7"
1715,"1"
1716,"5"
1717,"3"
1718,"2"
1719,"2"
1720,"10"
1721,"3"
1722,"8"
1723,"3"
1724,"2"
1725,"3"
1726,"7"
1727,"9"
1728,"3"
1729,"5"
1730,"5"
1731,"4"
1732,"3"
1733,"5"
1734,"7"
1735,"2"
1736,"9"
1737,"6"
1738,"3"
1739,"4"
1740,"6"
1741,"10"
1742,"4"
1743,"9"
1744,"9"
1745,"7"
1746,"6"
1747,"6"
1748,"4"
1749,"8"
1750,"3"
1751,"9"
1752,"5"
1753,"1"
1754,"9"
1755,"2"
1756,"3"
1757,"9"
1758,"5"
1759,"9"
1760,"4"
1761,"10"
1762,"9"
1763,"7"
1764,"5"
1765,"1"
1766,"5"
1767,"10"
1768,"8"
1769,"8"
1770,"8"
1771,"5"
1772,"5"
1773,"5"
1774,"3"
1775,"9"
1776,"8"
1777,"10"
1778,"6"
1779,"5"
1780,"1"
1781,"7"
1782,"7"
1783,"8"
1784,"3"
1785,"6"
1786,"6"
1787,"10"
1788,"5"
1789,"5"
1790,"4"
1791,"9"
1792,"2"
1793,"1"
1794,"2"
1795,"10"
1796,"9"
1797,"10"
1798,"8"
1799,"10"
1800,"5"
1801,"9"
1802,"8"
1803,"1"
1804,"4"
1805,"6"
1806,"8"
1807,"6"
1808,"10"
1809,"7"
1810,"6"
1811,"4"
1812,"9"
1813,"2"
1814,"5"
1815,"9"
1816,"4"
1817,"8"
1818,"4"
1819,"4"
1820,"2"
1821,"7"
1822,"3"
1823,"8"
1824,"2"
1825,"7"
1826,"7"
1827,"6"
1828,"8"
1829,"1"
1830,"2"
1831,"5"
1832,"5"
1833,"1"
1834,"1"
1835,"6"
1836,"5"
1837,"2"
1838,"9"
1839,"5"
1840,"8"
1841,"6"
1842,"5"
1843,"7"
1844,"10"
1845,"8"
1846,"3"
1847,"8"
1848,"9"
1849,"6"
1850,"10"
1851,"5"
1852,"3"
1853,"2"
1854,"9"
1855,"1"
1856,"3"
1857,"7"
1858,"5"
1859,"8"
1860,"7"
1861,"4"
1862,"10"
1863,"10"
1864,"5"
1865,"4"
1866,"6"
1867,"8"
1868,"7"
1869,"6"
1870,"8"
1871,"5"
1872,"6"
1873,"9"
1874,"4"
1875,"10"
1876,"4"
1877,"8"
1878,"4"
1879,"9"
1880,"6"
1881,"2"
1882,"4"
1883,"3"
1884,"2"
1885,"2"
1886,"4"
1887,"10"
1888,"10"
1889,"5"
1890,"10"
1891,"4"
1892,"1"
1893,"9"
1894,"4"
1895,"2"
1896,"6"
1897,"9"
1898,"3"
1899,"2"
1900,"6"
1901,"2"
1902,"1"
1903,"10"
1904,"6"
1905,"6"
1906,"7"
1907,"2"
1908,"9"
1909,"1"
1910,"4"
1911,"6"
1912,"7"
1913,"4"
1914,"5"
1915,"8"
1916,"4"
1917,"6"
1918,"10"
1919,"1"
1920,"3"
1921,"8"
1922,"1"
1923,"8"
1924,"4"
1925,"8"
1926,"4"
1927,"3"
1928,"10"
1929,"8"
1930,"7"
1931,"3"
1932,"9"
1933,"1"
1934,"1"
1935,"6"
1936,"2"
1937,"4"
1938,"10"
1939,"4"
1940,"6"
1941,"1"
1942,"4"
1943,"6"
1944,"6"
1945,"1"
1946,"10"
1947,"1"
1948,"10"
1949,"3"
1950,"1"
1951,"10"
1952,"9"
1953,"6"
1954,"2"
1955,"10"
1956,"5"
1957,"1"
1958,"8"
1959,"9"
1960,"4"
1961,"9"
1962,"10"
1963,"4"
1964,"7"
1965,"10"
1966,"9"
1967,"2"
1968,"9"
1969,"5"
1970,"9"
1971,"4"
1972,"3"
1973,"2"
1974,"3"
1975,"5"
1976,"7"
1977,"9"
1978,"6"
1979,"8"
1980,"7"
1981,"6"
1982,"8"
1983,"8"
1984,"2"
1985,"8"
1986,"1"
1987,"10"
1988,"3"
1989,"2"
1990,"9"
1991,"2"
1992,"6"
1993,"3"
1994,"4"
1995,"6"
1996,"3"
1997,"9"
1998,"5"
1999,"9"
2000,"9"
2001,"9"
2002,"7"
2003,"7"
2004,"4"
2005,"9"
2006,"2"
2007,"1"
2008,"6"
2009,"7"
2010,"7"
2011,"3"
2012,"2"
2013,"7"
2014,"6"
2015,"1"
2016,"6"
2017,"2"
2018,"2"
2019,"10"
2020,"8"
2021,"4"
2022,"5"
2023,"10"
2024,"3"
2025,"2"
2026,"6"
2027,"4"
2028,"5"
2029,"8"
2030,"10"
2031,"2"
2032,"2"
2033,"8"
2034,"5"
2035,"3"
2036,"9"
2037,"7"
2038,"1"
2039,"1"
2040,"4"
2041,"2"
2042,"8"
2043,"2"
2044,"4"
2045,"10"
2046,"7"
2047,"10"
2048,"8"
2049,"3"
2050,"5"
2051,"8"
2052,"10"
2053,"1"
2054,"5"
2055,"7"
2056,"9"
2057,"1"
2058,"4"
2059,"5"
2060,"10"
2061,"6"
2062,"4"
2063,"3"
2064,"10"
2065,"7"
2066,"4"
2067,"3"
2068,"10"
2069,"6"
2070,"9"
2071,"5"
2072,"3"
2073,"5"
2074,"1"
2075,"4"
2076,"4"
2077,"5"
2078,"8"
2079,"8"
2080,"4"
2081,"6"
2082,"8"
2083,"6"
2084,"6"
2085,"4"
2086,"5"
2087,"5"
2088,"9"
2089,"5"
2090,"7"
2091,"4"
2092,"2"
2093,"3"
2094,"6"
2095,"5"
2096,"9"
2097,"1"
2098,"4"
2099,"10"
2100,"10"
2101,"3"
2102,"4"
2103,"6"
2104,"9"
2105,"1"
2106,"8"
2107,"3"
2108,"8"
2109,"8"
2110,"3"
2111,"9"
2112,"4"
2113,"6"
2114,"8"
2115,"9"
2116,"8"
2117,"10"
2118,"6"
2119,"6"
2120,"7"
2121,"6"
2122,"6"
2123,"5"
2124,"1"
2125,"7"
2126,"1"
2127,"5"
2128,"5"
2129,"5"
2130,"1"
2131,"1"
2132,"7"
2133,"2"
2134,"1"
2135,"10"
2136,"1"
2137,"2"
2138,"2"
2139,"7"
2140,"10"
2141,"5"
2142,"10"
2143,"2"
2144,"3"
2145,"1"
2146,"2"
2147,"10"
2148,"1"
2149,"5"
2150,"7"
2151,"8"
2152,"2"
2153,"5"
2154,"5"
2155,"8"
2156,"1"
2157,"2"
2158,"4"
2159,"2"
2160,"7"
2161,"4"
2162,"9"
2163,"9"
2164,"2"
2165,"5"
2166,"2"
2167,"5"
2168,"10"
2169,"5"
2170,"6"
2171,"9"
2172,"1"
2173,"7"
2174,"5"
2175,"10"
2176,"9"
2177,"5"
2178,"7"
2179,"5"
2180,"7"
2181,"4"
2182,"4"
2183,"2"
2184,"7"
2185,"10"
2186,"10"
2187,"6"
2188,"7"
2189,"3"
2190,"4"
2191,"7"
2192,"5"
2193,"1"
2194,"7"
2195,"2"
2196,"9"
2197,"4"
2198,"5"
2199,"3"
2200,"3"
2201,"3"
2202,"5"
2203,"2"
2204,"4"
2205,"2"
2206,"3"
2207,"5"
2208,"4"
2209,"1"
2210,"6"
2211,"5"
2212,"10"
2213,"8"
2214,"8"
2215,"5"
2216,"10"
2217,"3"
2218,"8"
2219,"3"
2220,"4"
2221,"7"
2222,"10"
2223,"4"
2224,"1"
2225,"8"
2226,"2"
2227,"3"
2228,"9"
2229,"1"
2230,"7"
2231,"6"
2232,"8"
2233,"4"
2234,"10"
2235,"8"
2236,"4"
2237,"2"
2238,"10"
2239,"5"
2240,"7"
2241,"4"
2242,"7"
2243,"4"
2244,"2"
2245,"9"
2246,"5"
2247,"5"
2248,"8"
2249,"8"
2250,"9"
2251,"2"
2252,"2"
2253,"1"
2254,"2"
2255,"4"
2256,"4"
2257,"5"
2258,"5"
2259,"3"
2260,"8"
2261,"5"
2262,"8"
2263,"8"
2264,"5"
2265,"6"
2266,"1"
2267,"2"
2268,"9"
2269,"4"
2270,"9"
2271,"5"
2272,"1"
2273,"5"
2274,"8"
2275,"3"
2276,"2"
2277,"10"
2278,"8"
2279,"7"
2280,"7"
2281,"2"
2282,"8"
2283,"10"
2284,"8"
2285,"6"
2286,"3"
2287,"9"
2288,"5"
2289,"3"
2290,"6"
2291,"2"
2292,"4"
2293,"8"
2294,"4"
2295,"9"
2296,"10"
2297,"8"
2298,"3"
2299,"9"
2300,"5"
2301,"1"
2302,"4"
2303,"1"
2304,"10"
2305,"10"
2306,"9"
2307,"2"
2308,"10"
2309,"9"
2310,"7"
2311,"6"
2312,"10"
2313,"4"
2314,"3"
2315,"7"
2316,"1"
2317,"3"
2318,"7"
2319,"1"
2320,"1"
2321,"2"
2322,"1"
2323,"8"
2324,"5"
2325,"10"
2326,"7"
2327,"9"
2328,"6"
2329,"3"
2330,"9"
2331,"7"
2332,"3"
2333,"1"
2334,"5"
2335,"7"
2336,"3"
2337,"5"
2338,"4"
2339,"1"
2340,"4"
2341,"6"
2342,"4"
2343,"8"
2344,"7"
2345,"8"
2346,"8"
2347,"3"
2348,"9"
2349,"7"
2350,"4"
2351,"2"
2352,"1"
2353,"10"
2354,"10"
2355,"7"
2356,"1"
2357,"1"
2358,"6"
2359,"10"
2360,"6"
2361,"9"
2362,"5"
2363,"4"
2364,"9"
2365,"9"
2366,"7"
2367,"6"
2368,"1"
2369,"10"
2370,"1"
2371,"3"
2372,"6"
2373,"2"
2374,"1"
2375,"4"
2376,"7"
2377,"2"
2378,"10"
2379,"7"
2380,"8"
2381,"1"
2382,"5"
2383,"5"
2384,"3"
2385,"7"
2386,"8"
2387,"10"
2388,"6"
2389,"6"
2390,"6"
2391,"4"
2392,"5"
2393,"9"
2394,"9"
2395,"3"
2396,"4"
2397,"1"
2398,"9"
2399,"7"
2400,"1"
2401,"3"
2402,"5"
2403,"3"
2404,"10"
2405,"5"
2406,"4"
2407,"9"
2408,"8"
2409,"8"
2410,"5"
2411,"6"
2412,"1"
2413,"7"
2414,"4"
2415,"4"
2416,"8"
2417,"10"
2418,"2"
2419,"1"
2420,"5"
2421,"3"
2422,"7"
2423,"8"
2424,"8"
2425,"4"
2426,"5"
2427,"9"
2428,"3"
2429,"8"
2430,"10"
2431,"6"
2432,"2"
2433,"8"
2434,"10"
2435,"5"
2436,"6"
2437,"8"
2438,"1"
2439,"4"
2440,"9"
2441,"5"
2442,"1"
2443,"8"
2444,"4"
2445,"6"
2446,"1"
2447,"4"
2448,"5"
2449,"7"
2450,"6"
2451,"2"
2452,"10"
2453,"9"
2454,"1"
2455,"9"
2456,"7"
2457,"7"
2458,"6"
2459,"7"
2460,"3"
2461,"4"
2462,"1"
2463,"8"
2464,"2"
2465,"3"
2466,"3"
2467,"3"
2468,"5"
2469,"3"
2470,"3"
2471,"5"
2472,"3"
2473,"5"
2474,"8"
2475,"7"
2476,"6"
2477,"6"
2478,"8"
2479,"1"
2480,"6"
2481,"10"
2482,"5"
2483,"10"
2484,"4"
2485,"8"
2486,"10"
2487,"6"
2488,"5"
2489,"7"
2490,"7"
2491,"2"
2492,"8"
2493,"5"
2494,"5"
2495,"3"
2496,"8"
2497,"7"
2498,"8"
2499,"6"
2500,"7"
2501,"2"
2502,"8"
2503,"10"
2504,"6"
2505,"10"
2506,"8"
2507,"1"
2508,"4"
2509,"8"
2510,"5"
2511,"5"
2512,"6"
2513,"8"
2514,"3"
2515,"9"
2516,"6"
2517,"6"
2518,"10"
2519,"10"
2520,"3"
2521,"9"
2522,"8"
2523,"10"
2524,"3"
2525,"5"
2526,"3"
2527,"2"
2528,"2"
2529,"7"
2530,"4"
2531,"1"
2532,"9"
2533,"1"
2534,"8"
2535,"3"
2536,"10"
2537,"8"
2538,"9"
2539,"6"
2540,"2"
2541,"3"
2542,"1"
2543,"2"
2544,"2"
2545,"3"
2546,"3"
2547,"10"
2548,"9"
2549,"10"
2550,"10"
2551,"6"
2552,"6"
2553,"5"
2554,"3"
2555,"5"
2556,"5"
2557,"5"
2558,"9"
2559,"10"
2560,"10"
2561,"6"
2562,"1"
2563,"7"
2564,"8"
2565,"2"
2566,"9"
2567,"1"
2568,"7"
2569,"5"
2570,"1"
2571,"7"
2572,"9"
2573,"2"
2574,"10"
2575,"6"
2576,"8"
2577,"1"
2578,"4"
2579,"5"
2580,"8"
2581,"1"
2582,"10"
2583,"4"
2584,"5"
2585,"4"
2586,"9"
2587,"7"
2588,"5"
2589,"8"
2590,"6"
2591,"4"
2592,"4"
2593,"2"
2594,"10"
2595,"8"
2596,"8"
2597,"4"
2598,"9"
2599,"1"
2600,"8"
2601,"2"
2602,"1"
2603,"7"
2604,"9"
2605,"8"
2606,"2"
2607,"8"
2608,"9"
2609,"6"
2610,"5"
2611,"6"
2612,"10"
2613,"3"
2614,"4"
2615,"8"
2616,"3"
2617,"8"
2618,"6"
2619,"2"
2620,"8"
2621,"5"
2622,"4"
2623,"5"
2624,"8"
2625,"1"
2626,"3"
2627,"4"
2628,"7"
2629,"1"
2630,"5"
2631,"2"
2632,"10"
2633,"8"
2634,"9"
2635,"4"
2636,"8"
2637,"5"
2638,"8"
2639,"4"
2640,"3"
2641,"3"
2642,"7"
2643,"5"
2644,"7"
2645,"2"
2646,"8"
2647,"5"
2648,"8"
2649,"3"
2650,"8"
2651,"8"
2652,"10"
2653,"5"
2654,"10"
2655,"5"
2656,"5"
2657,"4"
2658,"10"
2659,"8"
2660,"1"
2661,"5"
2662,"7"
2663,"6"
2664,"1"
2665,"5"
2666,"4"
2667,"5"
2668,"10"
2669,"6"
2670,"4"
2671,"6"
2672,"2"
2673,"6"
2674,"6"
2675,"5"
2676,"4"
2677,"3"
2678,"9"
2679,"1"
2680,"4"
2681,"3"
2682,"9"
2683,"4"
2684,"1"
2685,"6"
2686,"4"
2687,"6"
2688,"2"
2689,"7"
2690,"6"
2691,"6"
2692,"9"
2693,"6"
2694,"5"
2695,"10"
2696,"4"
2697,"9"
2698,"2"
2699,"5"
2700,"8"
2701,"7"
2702,"4"
2703,"4"
2704,"8"
2705,"9"
2706,"6"
2707,"10"
2708,"3"
2709,"1"
2710,"7"
2711,"9"
2712,"9"
2713,"3"
2714,"4"
2715,"3"
2716,"6"
2717,"5"
2718,"1"
2719,"8"
2720,"5"
2721,"2"
2722,"6"
2723,"2"
2724,"9"
2725,"1"
2726,"5"
2727,"6"
2728,"2"
2729,"10"
2730,"5"
2731,"4"
2732,"8"
2733,"8"
2734,"3"
2735,"2"
2736,"8"
2737,"9"
2738,"4"
2739,"5"
2740,"5"
2741,"2"
2742,"1"
2743,"8"
2744,"2"
2745,"7"
2746,"10"
2747,"1"
2748,"7"
2749,"9"
2750,"6"
2751,"7"
2752,"1"
2753,"4"
2754,"2"
2755,"9"
2756,"2"
2757,"10"
2758,"2"
2759,"2"
2760,"5"
2761,"8"
2762,"1"
2763,"2"
2764,"5"
2765,"10"
2766,"2"
2767,"6"
2768,"7"
2769,"7"
2770,"10"
2771,"9"
2772,"3"
2773,"3"
2774,"4"
2775,"1"
2776,"2"
2777,"1"
2778,"9"
2779,"4"
2780,"10"
2781,"5"
2782,"4"
2783,"10"
2784,"10"
2785,"5"
2786,"7"
2787,"1"
2788,"3"
2789,"9"
2790,"8"
2791,"3"
2792,"9"
2793,"10"
2794,"5"
2795,"3"
2796,"4"
2797,"3"
2798,"6"
2799,"7"
2800,"8"
2801,"1"
2802,"5"
2803,"8"
2804,"5"
2805,"5"
2806,"1"
2807,"4"
2808,"9"
2809,"3"
2810,"6"
2811,"8"
2812,"5"
2813,"2"
2814,"5"
2815,"3"
2816,"9"
2817,"10"
2818,"10"
2819,"4"
2820,"2"
2821,"8"
2822,"9"
2823,"8"
2824,"5"
2825,"3"
2826,"10"
2827,"10"
2828,"4"
2829,"8"
2830,"4"
2831,"5"
2832,"1"
2833,"2"
2834,"6"
2835,"2"
2836,"10"
2837,"9"
2838,"3"
2839,"10"
2840,"7"
2841,"10"
2842,"10"
2843,"1"
2844,"2"
2845,"1"
2846,"1"
2847,"1"
2848,"7"
2849,"9"
2850,"8"
2851,"4"
2852,"1"
2853,"5"
2854,"5"
2855,"3"
2856,"3"
2857,"9"
2858,"5"
2859,"4"
2860,"9"
2861,"9"
2862,"7"
2863,"6"
2864,"8"
2865,"4"
2866,"5"
2867,"4"
2868,"1"
2869,"4"
2870,"2"
2871,"5"
2872,"9"
2873,"4"
2874,"1"
2875,"6"
2876,"4"
2877,"6"
2878,"7"
2879,"2"
2880,"10"
2881,"3"
2882,"4"
2883,"8"
2884,"9"
2885,"10"
2886,"1"
2887,"4"
2888,"9"
2889,"7"
2890,"6"
2891,"2"
2892,"9"
2893,"2"
2894,"6"
2895,"4"
2896,"7"
2897,"1"
2898,"10"
2899,"1"
2900,"2"
2901,"2"
2902,"6"
2903,"8"
2904,"10"
2905,"2"
2906,"7"
2907,"5"
2908,"4"
2909,"10"
2910,"6"
2911,"10"
2912,"8"
2913,"1"
2914,"2"
2915,"1"
2916,"2"
2917,"8"
2918,"5"
2919,"4"
2920,"8"
2921,"7"
2922,"3"
2923,"9"
2924,"8"
2925,"6"
2926,"7"
2927,"7"
2928,"4"
2929,"8"
2930,"10"
2931,"8"
2932,"3"
2933,"5"
2934,"10"
2935,"9"
2936,"1"
2937,"8"
2938,"9"
2939,"4"
2940,"4"
2941,"4"
2942,"7"
2943,"10"
2944,"8"
2945,"10"
2946,"6"
2947,"3"
2948,"10"
2949,"10"
2950,"4"
2951,"2"
2952,"2"
2953,"2"
2954,"3"
2955,"2"
2956,"4"
2957,"6"
2958,"5"
2959,"5"
2960,"10"
2961,"10"
2962,"8"
2963,"3"
2964,"4"
2965,"4"
2966,"6"
2967,"3"
2968,"7"
2969,"4"
2970,"5"
2971,"4"
2972,"3"
2973,"10"
2974,"10"
2975,"1"
2976,"10"
2977,"4"
2978,"4"
2979,"10"
2980,"7"
2981,"8"
2982,"5"
2983,"8"
2984,"6"
2985,"9"
2986,"2"
2987,"1"
2988,"10"
2989,"6"
2990,"10"
2991,"3"
2992,"9"
2993,"10"
2994,"1"
2995,"6"
2996,"1"
2997,"7"
2998,"10"
2999,"9"
3000,"7"
3001,"7"
3002,"7"
3003,"8"
3004,"6"
3005,"6"
3006,"4"
3007,"5"
3008,"2"
3009,"9"
3010,"7"
3011,"5"
3012,"7"
3013,"9"
3014,"2"
3015,"7"
3016,"6"
3017,"2"
3018,"4"
3019,"5"
3020,"5"
3021,"9"
3022,"8"
3023,"5"
3024,"4"
3025,"6"
3026,"3"
3027,"2"
3028,"10"
3029,"4"
3030,"1"
3031,"7"
3032,"10"
3033,"7"
3034,"9"
3035,"2"
3036,"2"
3037,"1"
3038,"7"
3039,"9"
3040,"1"
3041,"5"
3042,"6"
3043,"9"
3044,"5"
3045,"4"
3046,"5"
3047,"9"
3048,"8"
3049,"4"
3050,"3"
3051,"2"
3052,"2"
3053,"1"
3054,"9"
3055,"1"
3056,"6"
3057,"3"
3058,"5"
3059,"2"
3060,"1"
3061,"3"
3062,"9"
3063,"2"
3064,"4"
3065,"8"
3066,"5"
3067,"5"
3068,"2"
3069,"6"
3070,"3"
3071,"6"
3072,"7"
3073,"9"
3074,"6"
3075,"10"
3076,"6"
3077,"2"
3078,"6"
3079,"1"
3080,"8"
3081,"9"
3082,"10"
3083,"2"
3084,"10"
3085,"9"
3086,"2"
3087,"7"
3088,"4"
3089,"4"
3090,"6"
3091,"6"
3092,"6"
3093,"4"
3094,"1"
3095,"2"
3096,"6"
3097,"9"
3098,"4"
3099,"5"
3100,"4"
3101,"9"
3102,"7"
3103,"8"
3104,"6"
3105,"6"
3106,"1"
3107,"4"
3108,"7"
3109,"8"
3110,"6"
3111,"5"
3112,"5"
3113,"1"
3114,"8"
3115,"6"
3116,"8"
3117,"4"
3118,"5"
3119,"4"
3120,"6"
3121,"9"
3122,"1"
3123,"1"
3124,"8"
3125,"7"
3126,"3"
3127,"2"
3128,"9"
3129,"3"
3130,"10"
3131,"7"
3132,"9"
3133,"5"
3134,"7"
3135,"10"
3136,"7"
3137,"6"
3138,"4"
3139,"4"
3140,"10"
3141,"9"
3142,"8"
3143,"8"
3144,"10"
3145,"10"
3146,"4"
3147,"10"
3148,"5"
3149,"1"
3150,"6"
3151,"8"
3152,"8"
3153,"10"
3154,"8"
3155,"5"
3156,"10"
3157,"2"
3158,"2"
3159,"7"
3160,"2"
3161,"1"
3162,"7"
3163,"6"
3164,"4"
3165,"5"
3166,"6"
3167,"7"
3168,"2"
3169,"3"
3170,"6"
3171,"10"
3172,"1"
3173,"4"
3174,"9"
3175,"10"
3176,"3"
3177,"2"
3178,"2"
3179,"9"
3180,"7"
3181,"6"
3182,"4"
3183,"4"
3184,"6"
3185,"1"
3186,"9"
3187,"9"
3188,"2"
3189,"1"
3190,"2"
3191,"10"
3192,"1"
3193,"9"
3194,"9"
3195,"5"
3196,"6"
3197,"3"
3198,"2"
3199,"3"
3200,"6"
3201,"9"
3202,"3"
3203,"2"
3204,"5"
3205,"4"
3206,"4"
3207,"10"
3208,"7"
3209,"1"
3210,"9"
3211,"7"
3212,"5"
3213,"3"
3214,"8"
3215,"10"
3216,"5"
3217,"10"
3218,"8"
3219,"7"
3220,"8"
3221,"7"
3222,"8"
3223,"6"
3224,"8"
3225,"3"
3226,"2"
3227,"5"
3228,"9"
3229,"9"
3230,"1"
3231,"5"
3232,"10"
3233,"6"
3234,"4"
3235,"7"
3236,"5"
3237,"4"
3238,"8"
3239,"7"
3240,"7"
3241,"3"
3242,"10"
3243,"1"
3244,"7"
3245,"6"
3246,"5"
3247,"10"
3248,"7"
3249,"10"
3250,"4"
3251,"9"
3252,"10"
3253,"5"
3254,"1"
3255,"3"
3256,"5"
3257,"3"
3258,"1"
3259,"7"
3260,"1"
3261,"1"
3262,"10"
3263,"8"
3264,"1"
3265,"2"
3266,"5"
3267,"1"
3268,"5"
3269,"8"
3270,"2"
3271,"4"
3272,"4"
3273,"1"
3274,"7"
3275,"5"
3276,"3"
3277,"4"
3278,"6"
3279,"1"
3280,"9"
3281,"5"
3282,"9"
3283,"9"
3284,"7"
3285,"4"
3286,"5"
3287,"10"
3288,"10"
3289,"9"
3290,"10"
3291,"6"
3292,"2"
3293,"10"
3294,"9"
3295,"4"
3296,"8"
3297,"8"
3298,"10"
3299,"8"
3300,"6"
3301,"2"
3302,"8"
3303,"4"
3304,"3"
3305,"8"
3306,"3"
3307,"5"
3308,"2"
3309,"4"
3310,"2"
3311,"1"
3312,"8"
3313,"10"
3314,"10"
3315,"9"
3316,"8"
3317,"4"
3318,"10"
3319,"1"
3320,"2"
3321,"10"
3322,"10"
3323,"1"
3324,"4"
3325,"2"
3326,"4"
3327,"3"
3328,"9"
3329,"6"
3330,"2"
3331,"8"
3332,"5"
3333,"5"
3334,"2"
3335,"10"
3336,"6"
3337,"1"
3338,"8"
3339,"5"
3340,"2"
3341,"10"
3342,"7"
3343,"7"
3344,"10"
3345,"10"
3346,"2"
3347,"7"
3348,"4"
3349,"8"
3350,"9"
3351,"4"
3352,"3"
3353,"5"
3354,"6"
3355,"10"
3356,"7"
3357,"9"
3358,"9"
3359,"5"
3360,"10"
3361,"4"
3362,"3"
3363,"7"
3364,"1"
3365,"4"
3366,"9"
3367,"7"
3368,"5"
3369,"3"
3370,"10"
3371,"1"
3372,"8"
3373,"9"
3374,"4"
3375,"9"
3376,"5"
3377,"1"
3378,"8"
3379,"6"
3380,"1"
3381,"9"
3382,"4"
3383,"4"
3384,"4"
3385,"6"
3386,"10"
3387,"5"
3388,"2"
3389,"3"
3390,"6"
3391,"5"
3392,"5"
3393,"7"
3394,"1"
3395,"9"
3396,"2"
3397,"2"
3398,"9"
3399,"10"
3400,"6"
3401,"1"
3402,"3"
3403,"6"
3404,"9"
3405,"5"
3406,"4"
3407,"4"
3408,"8"
3409,"1"
3410,"1"
3411,"5"
3412,"7"
3413,"2"
3414,"9"
3415,"6"
3416,"8"
3417,"4"
3418,"8"
3419,"7"
3420,"1"
3421,"7"
3422,"2"
3423,"10"
3424,"7"
3425,"7"
3426,"6"
3427,"6"
3428,"7"
3429,"7"
3430,"3"
3431,"10"
3432,"3"
3433,"5"
3434,"3"
3435,"6"
3436,"9"
3437,"9"
3438,"9"
3439,"6"
3440,"5"
3441,"7"
3442,"4"
3443,"9"
3444,"4"
3445,"1"
3446,"4"
3447,"9"
3448,"6"
3449,"10"
3450,"4"
3451,"5"
3452,"10"
3453,"10"
3454,"8"
3455,"3"
3456,"10"
3457,"10"
3458,"10"
3459,"7"
3460,"8"
3461,"7"
3462,"10"
3463,"3"
3464,"5"
3465,"8"
3466,"7"
3467,"2"
3468,"7"
3469,"5"
3470,"8"
3471,"8"
3472,"7"
3473,"3"
3474,"1"
3475,"6"
3476,"8"
3477,"3"
3478,"3"
3479,"1"
3480,"9"
3481,"7"
3482,"8"
3483,"3"
3484,"3"
3485,"2"
3486,"5"
3487,"2"
3488,"2"
3489,"8"
3490,"2"
3491,"1"
3492,"1"
3493,"1"
3494,"5"
3495,"7"
3496,"9"
3497,"1"
3498,"8"
3499,"6"
3500,"2"
3501,"7"
3502,"9"
3503,"8"
3504,"10"
3505,"7"
3506,"6"
3507,"5"
3508,"9"
3509,"8"
3510,"2"
3511,"2"
3512,"7"
3513,"6"
3514,"1"
3515,"9"
3516,"1"
3517,"1"
3518,"7"
3519,"3"
3520,"7"
3521,"3"
3522,"3"
3523,"4"
3524,"9"
3525,"2"
3526,"4"
3527,"2"
3528,"8"
3529,"2"
3530,"8"
3531,"10"
3532,"10"
3533,"7"
3534,"5"
3535,"9"
3536,"5"
3537,"3"
3538,"2"
3539,"3"
3540,"3"
3541,"1"
3542,"8"
3543,"5"
3544,"3"
3545,"10"
3546,"7"
3547,"1"
3548,"4"
3549,"5"
3550,"2"
3551,"8"
3552,"7"
3553,"5"
3554,"2"
3555,"6"
3556,"10"
3557,"8"
3558,"5"
3559,"8"
3560,"5"
3561,"4"
3562,"3"
3563,"5"
3564,"8"
3565,"10"
3566,"5"
3567,"10"
3568,"8"
3569,"3"
3570,"9"
3571,"6"
3572,"4"
3573,"1"
3574,"9"
3575,"6"
3576,"5"
3577,"6"
3578,"8"
3579,"5"
3580,"9"
3581,"2"
3582,"6"
3583,"6"
3584,"7"
3585,"3"
3586,"2"
3587,"5"
3588,"2"
3589,"10"
3590,"9"
3591,"1"
3592,"10"
3593,"7"
3594,"4"
3595,"7"
3596,"2"
3597,"9"
3598,"10"
3599,"6"
3600,"9"
3601,"2"
3602,"3"
3603,"3"
3604,"1"
3605,"7"
3606,"4"
3607,"5"
3608,"9"
3609,"3"
3610,"5"
3611,"3"
3612,"8"
3613,"2"
3614,"8"
3615,"3"
3616,"2"
3617,"3"
3618,"3"
3619,"1"
3620,"9"
3621,"7"
3622,"2"
3623,"7"
3624,"6"
3625,"4"
3626,"6"
3627,"7"
3628,"9"
3629,"6"
3630,"2"
3631,"4"
3632,"5"
3633,"4"
3634,"8"
3635,"1"
3636,"4"
3637,"3"
3638,"2"
3639,"10"
3640,"4"
3641,"3"
3642,"8"
3643,"3"
3644,"5"
3645,"8"
3646,"1"
3647,"6"
3648,"1"
3649,"3"
3650,"9"
3651,"5"
3652,"6"
3653,"9"
3654,"2"
3655,"5"
3656,"6"
3657,"1"
3658,"7"
3659,"10"
3660,"7"
3661,"8"
3662,"7"
3663,"6"
3664,"2"
3665,"7"
3666,"2"
3667,"6"
3668,"3"
3669,"8"
3670,"9"
3671,"7"
3672,"6"
3673,"1"
3674,"1"
3675,"6"
3676,"2"
3677,"8"
3678,"6"
3679,"10"
3680,"1"
3681,"8"
3682,"7"
3683,"3"
3684,"7"
3685,"3"
3686,"8"
3687,"9"
3688,"6"
3689,"1"
3690,"4"
3691,"1"
3692,"3"
3693,"9"
3694,"3"
3695,"10"
3696,"7"
3697,"9"
3698,"1"
3699,"10"
3700,"10"
3701,"9"
3702,"6"
3703,"3"
3704,"10"
3705,"7"
3706,"9"
3707,"10"
3708,"3"
3709,"4"
3710,"9"
3711,"4"
3712,"10"
3713,"4"
3714,"2"
3715,"7"
3716,"2"
3717,"9"
3718,"9"
3719,"5"
3720,"3"
3721,"7"
3722,"1"
3723,"7"
3724,"10"
3725,"3"
3726,"7"
3727,"1"
3728,"8"
3729,"10"
3730,"7"
3731,"7"
3732,"5"
3733,"4"
3734,"7"
3735,"6"
3736,"8"
3737,"1"
3738,"9"
3739,"8"
3740,"6"
3741,"4"
3742,"8"
3743,"6"
3744,"4"
3745,"10"
3746,"8"
3747,"7"
3748,"2"
3749,"5"
3750,"3"
3751,"10"
3752,"7"
3753,"10"
3754,"10"
3755,"2"
3756,"1"
3757,"7"
3758,"6"
3759,"3"
3760,"4"
3761,"9"
3762,"7"
3763,"2"
3764,"7"
3765,"8"
3766,"9"
3767,"4"
3768,"4"
3769,"2"
3770,"8"
3771,"7"
3772,"1"
3773,"2"
3774,"4"
3775,"5"
3776,"1"
3777,"4"
3778,"1"
3779,"8"
3780,"5"
3781,"5"
3782,"3"
3783,"6"
3784,"5"
3785,"8"
3786,"4"
3787,"5"
3788,"8"
3789,"9"
3790,"8"
3791,"2"
3792,"9"
3793,"2"
3794,"4"
3795,"6"
3796,"9"
3797,"2"
3798,"3"
3799,"8"
3800,"1"
3801,"2"
3802,"5"
3803,"2"
3804,"2"
3805,"2"
3806,"2"
3807,"4"
3808,"1"
3809,"6"
3810,"2"
3811,"8"
3812,"1"
3813,"10"
3814,"9"
3815,"9"
3816,"8"
3817,"2"
3818,"9"
3819,"6"
3820,"9"
3821,"2"
3822,"6"
3823,"1"
3824,"5"
3825,"8"
3826,"9"
3827,"7"
3828,"3"
3829,"7"
3830,"8"
3831,"8"
3832,"8"
3833,"2"
3834,"10"
3835,"2"
3836,"7"
3837,"7"
3838,"10"
3839,"4"
3840,"4"
3841,"8"
3842,"9"
3843,"9"
3844,"3"
3845,"4"
3846,"10"
3847,"8"
3848,"9"
3849,"4"
3850,"10"
3851,"5"
3852,"5"
3853,"9"
3854,"9"
3855,"7"
3856,"3"
3857,"1"
3858,"9"
3859,"2"
3860,"1"
3861,"7"
3862,"8"
3863,"7"
3864,"3"
3865,"5"
3866,"10"
3867,"10"
3868,"8"
3869,"8"
3870,"1"
3871,"10"
3872,"3"
3873,"6"
3874,"8"
3875,"3"
3876,"8"
3877,"10"
3878,"1"
3879,"4"
3880,"2"
3881,"8"
3882,"7"
3883,"8"
3884,"9"
3885,"10"
3886,"5"
3887,"3"
3888,"7"
3889,"9"
3890,"7"
3891,"6"
3892,"2"
3893,"5"
3894,"2"
3895,"1"
3896,"5"
3897,"6"
3898,"1"
3899,"3"
3900,"10"
3901,"5"
3902,"6"
3903,"1"
3904,"1"
3905,"5"
3906,"2"
3907,"1"
3908,"8"
3909,"7"
3910,"8"
3911,"3"
3912,"2"
3913,"4"
3914,"1"
3915,"9"
3916,"3"
3917,"4"
3918,"5"
3919,"7"
3920,"1"
3921,"4"
3922,"5"
3923,"6"
3924,"10"
3925,"10"
3926,"7"
3927,"1"
3928,"8"
3929,"3"
3930,"9"
3931,"2"
3932,"7"
3933,"9"
3934,"1"
3935,"1"
3936,"5"
3937,"7"
3938,"6"
3939,"8"
3940,"1"
3941,"9"
3942,"7"
3943,"8"
3944,"6"
3945,"3"
3946,"4"
3947,"8"
3948,"4"
3949,"5"
3950,"7"
3951,"5"
3952,"10"
3953,"1"
3954,"10"
3955,"9"
3956,"3"
3957,"5"
3958,"2"
3959,"4"
3960,"9"
3961,"4"
3962,"1"
3963,"9"
3964,"1"
3965,"9"
3966,"10"
3967,"5"
3968,"5"
3969,"3"
3970,"3"
3971,"5"
3972,"8"
3973,"10"
3974,"6"
3975,"5"
3976,"5"
3977,"5"
3978,"7"
3979,"1"
3980,"8"
3981,"5"
3982,"8"
3983,"4"
3984,"9"
3985,"7"
3986,"10"
3987,"7"
3988,"5"
3989,"10"
3990,"4"
3991,"4"
3992,"10"
3993,"5"
3994,"2"
3995,"4"
3996,"4"
3997,"1"
3998,"8"
3999,"2"
4000,"1"
